{
  "tls": {
    "3505430651": {
      "cycle": 90,
      "controller": "max_pressure",
      "edges": {
        "ym-343737324#0": {
          "sat_flow": 1500,
          "length": 555.8,
          "speed": 22.22,
          "detector": [
            "e2_35"
          ]
        },
        "gh-343737533#5": {
          "sat_flow": 3000,
          "length": 727.24,
          "speed": 22.22,
          "detector": [
            "e2_34",
            "e2_36"
          ]
        },
        "gh343737533#3": {
          "sat_flow": 3000,
          "length": 589.64,
          "speed": 22.22,
          "detector": [
            "e2_31",
            "e2_33"
          ]
        },
        "ym1075130526#1": {
          "sat_flow": 1500,
          "length": 760.13,
          "speed": 22.22,
          "detector": [
            "e2_32"
          ]
        }
      },
      "movements": {
        "gh-343737533#5": {
          "gh-343737533#3": 0.5,
          "gm343737324#0": 0.25,
          "ym-1075130526#1": 0.25
        },
        "gh343737533#3": {
          "yh343737533#4": 0.5,
          "ym-1075130526#1": 0.25,
          "gm343737324#0": 0.25
        },
        "ym-343737324#0": {
          "yh343737533#4": 0.333333,
          "gh-343737533#3": 0.333333,
          "ym-1075130526#1": 0.333333
        },
        "ym1075130526#1": {
          "yh343737533#4": 0.333333,
          "gh-343737533#3": 0.333333,
          "gm343737324#0": 0.333333
        }
      },
      "phases": {
        "0": {
          "movements": [
            [
              "gh-343737533#5",
              "gm343737324#0"
            ],
            [
              "gh-343737533#5",
              "gh-343737533#3"
            ],
            [
              "gh-343737533#5",
              "ym-1075130526#1"
            ],
            [
              "gh343737533#3",
              "ym-1075130526#1"
            ],
            [
              "gh343737533#3",
              "yh343737533#4"
            ],
            [
              "gh343737533#3",
              "gm343737324#0"
            ]
          ],
          "duration": 40,
          "min-green": 15,
          "max-green": 120
        },
        "2": {
          "movements": [
            [
              "ym1075130526#1",
              "yh343737533#4"
            ],
            [
              "ym1075130526#1",
              "gm343737324#0"
            ],
            [
              "ym1075130526#1",
              "gh-343737533#3"
            ],
            [
              "ym-343737324#0",
              "gh-343737533#3"
            ],
            [
              "ym-343737324#0",
              "ym-1075130526#1"
            ],
            [
              "ym-343737324#0",
              "yh343737533#4"
            ]
          ],
          "duration": 40,
          "min-green": 15,
          "max-green": 120
        }
      }
    },
    "6013134585": {
      "cycle": 90,
      "controller": "max_pressure",
      "edges": {
        "gm-637922365": {
          "sat_flow": 1500,
          "length": 626.51,
          "speed": 22.22,
          "detector": [
            "e2_22"
          ]
        },
        "ym-343737324#2": {
          "sat_flow": 1500,
          "length": 482.23,
          "speed": 22.22,
          "detector": [
            "e2_24"
          ]
        },
        "gm343737324#0": {
          "sat_flow": 1500,
          "length": 554.8,
          "speed": 22.22,
          "detector": [
            "e2_23"
          ]
        }
      },
      "movements": {
        "gm-637922365": {
          "ym-343737324#0": 0.5,
          "ym343737324#1": 0.5
        },
        "gm343737324#0": {
          "gm637922365": 0.5,
          "ym343737324#1": 0.5
        },
        "ym-343737324#2": {
          "gm637922365": 0.5,
          "ym-343737324#0": 0.5
        }
      },
      "phases": {
        "0": {
          "movements": [
            [
              "gm343737324#0",
              "gm637922365"
            ],
            [
              "gm343737324#0",
              "ym343737324#1"
            ],
            [
              "ym-343737324#2",
              "ym-343737324#0"
            ],
            [
              "ym-343737324#2",
              "gm637922365"
            ]
          ],
          "duration": 40,
          "min-green": 15,
          "max-green": 120
        },
        "1": {
          "movements": [
            [
              "gm343737324#0",
              "gm637922365"
            ]
          ],
          "duration": 5,
          "min-green": 15,
          "max-green": 120
        },
        "2": {
          "movements": [
            [
              "gm-637922365",
              "ym343737324#1"
            ],
            [
              "gm-637922365",
              "ym-343737324#0"
            ],
            [
              "gm343737324#0",
              "gm637922365"
            ]
          ],
          "duration": 40,
          "min-green": 15,
          "max-green": 120
        },
        "3": {
          "movements": [
            [
              "gm343737324#0",
              "gm637922365"
            ]
          ],
          "duration": 5,
          "min-green": 15,
          "max-green": 120
        }
      }
    },
    "cluster_12615320031_12615320032_3505417580_6984126258": {
      "cycle": 90,
      "controller": "max_pressure",
      "edges": {
        "y1221681662#5": {
          "sat_flow": 5400,
          "length": 441.36,
          "speed": 27.78,
          "detector": [
            "e2_16",
            "e2_17",
            "e2_18"
          ]
        },
        "yh2526319540": {
          "sat_flow": 3600,
          "length": 828.15,
          "speed": 27.78,
          "detector": [
            "e2_2",
            "e2_3"
          ]
        },
        "gh1362547081": {
          "sat_flow": 3600,
          "length": 394.89,
          "speed": 27.78,
          "detector": [
            "e2_0",
            "e2_1"
          ]
        },
        "r888793511#0": {
          "sat_flow": 5400,
          "length": 793.69,
          "speed": 27.78,
          "detector": [
            "e2_13",
            "e2_14",
            "e2_15"
          ]
        }
      },
      "movements": {
        "gh1362547081": {
          "gb746290966#1": 0.333333,
          "gh-252631954": 0.333333,
          "rb1221681667#0": 0.333333
        },
        "r888793511#0": {
          "gh-252631954": 0.333333,
          "rb1221681667#0": 0.333333,
          "y1362547077#1": 0.333333
        },
        "y1221681662#5": {
          "gb746290966#1": 0.333333,
          "gh-252631954": 0.333333,
          "y1362547077#1": 0.333333
        },
        "yh2526319540": {
          "gb746290966#1": 0.333333,
          "rb1221681667#0": 0.333333,
          "y1362547077#1": 0.333333
        }
      },
      "phases": {
        "0": {
          "movements": [
            [
              "gh1362547081",
              "rb1221681667#0"
            ],
            [
              "gh1362547081",
              "gh-252631954"
            ],
            [
              "gh1362547081",
              "gb746290966#1"
            ],
            [
              "yh2526319540",
              "gb746290966#1"
            ],
            [
              "yh2526319540",
              "y1362547077#1"
            ],
            [
              "yh2526319540",
              "rb1221681667#0"
            ]
          ],
          "duration": 39,
          "min-green": 15,
          "max-green": 120
        },