{
  "checkpoint": "E:\\SUMO\\test1\\RL_algo_for_ITS-master\\results_mgmq\\mgmq_ppo_zurich_20260331_194428\\MGMQPPO_sumo_mgmq_v0_6100b_00000_0_2026-03-31_19-44-38\\checkpoint_000043",
  "network": "zurich",
  "num_episodes": 1,
  "eval_seeds": [
    42
  ],
  "mean_reward": 745.1707538992632,
  "std_reward": 0.0,
  "min_reward": 745.1707538992632,
  "max_reward": 745.1707538992632,
  "mean_raw_reward": 745.1707538992632,
  "std_raw_reward": 0.0,
  "min_raw_reward": 745.1707538992632,
  "max_raw_reward": 745.1707538992632,
  "mean_length": 40.0,
  "episode_rewards": [
    745.1707538992632
  ],
  "episode_raw_rewards": [
    745.1707538992632
  ],
  "episode_lengths": [
    40
  ],
  "per_agent_stats": {
    "J1": {
      "mean_reward": 13.264482915401459,
      "std_reward": 0.0,
      "mean_raw_reward": 13.264482915401459,
      "std_raw_reward": 0.0
    },
    "J11": {
      "mean_reward": 35.12819407135248,
      "std_reward": 0.0,
      "mean_raw_reward": 35.12819407135248,
      "std_raw_reward": 0.0
    },
    "J12": {
      "mean_reward": 34.14666619896889,
      "std_reward": 0.0,
      "mean_raw_reward": 34.14666619896889,
      "std_raw_reward": 0.0
    },
    "J18": {
      "mean_reward": 24.460740849375725,
      "std_reward": 0.0,
      "mean_raw_reward": 24.460740849375725,
      "std_raw_reward": 0.0
    },
    "J2": {
      "mean_reward": 31.904933283571154,
      "std_reward": 0.0,
      "mean_raw_reward": 31.904933283571154,
      "std_raw_reward": 0.0
    },
    "J29": {
      "mean_reward": 30.10999903269112,
      "std_reward": 0.0,
      "mean_raw_reward": 30.10999903269112,
      "std_raw_reward": 0.0
    },
    "J4": {
      "mean_reward": 21.52595218643546,
      "std_reward": 0.0,
      "mean_raw_reward": 21.52595218643546,
      "std_raw_reward": 0.0
    },
    "cluster10206979633_11813833529_30148022_30825863": {
      "mean_reward": 13.214347891509533,
      "std_reward": 0.0,
      "mean_raw_reward": 13.214347891509533,
      "std_raw_reward": 0.0
    },
    "cluster10827082788_2567854590_27256989_2957061242": {
      "mean_reward": 17.838132788660005,
      "std_reward": 0.0,
      "mean_raw_reward": 17.838132788660005,
      "std_raw_reward": 0.0
    },
    "cluster10827082789_28582171_2957061238_2957062053": {
      "mean_reward": 15.261052757501602,
      "std_reward": 0.0,
      "mean_raw_reward": 15.261052757501602,
      "std_raw_reward": 0.0
    },
    "cluster11583966683_6165393385_843205119": {
      "mean_reward": 26.808116152882576,
      "std_reward": 0.0,
      "mean_raw_reward": 26.808116152882576,
      "std_raw_reward": 0.0
    },
    "cluster12453550285_cluster12453550280_292279061_7809714885": {
      "mean_reward": 41.77033397555351,
      "std_reward": 0.0,
      "mean_raw_reward": 41.77033397555351,
      "std_raw_reward": 0.0
    },
    "cluster12625073140_12625073150_2884057670_2923898716_#1more": {
      "mean_reward": 11.306025549769402,
      "std_reward": 0.0,
      "mean_raw_reward": 11.306025549769402,
      "std_raw_reward": 0.0
    },
    "cluster12788209370_27256997_2884057642_J1": {
      "mean_reward": 15.191110789775848,
      "std_reward": 0.0,
      "mean_raw_reward": 15.191110789775848,
      "std_raw_reward": 0.0
    },
    "cluster12867045509_1388689556_5116225741_5116225760_#3more": {
      "mean_reward": 28.16431331075728,
      "std_reward": 0.0,
      "mean_raw_reward": 28.16431331075728,
      "std_raw_reward": 0.0
    },
    "cluster1584034520_1584034532_1584034534_1584034537": {
      "mean_reward": 23.977026550099254,
      "std_reward": 0.0,
      "mean_raw_reward": 23.977026550099254,
      "std_raw_reward": 0.0
    },
    "cluster2172694601_2884057371_2884057377_3964600251_#2more": {
      "mean_reward": 15.69166585803032,
      "std_reward": 0.0,
      "mean_raw_reward": 15.69166585803032,
      "std_raw_reward": 0.0
    },
    "cluster2172694607_2261078657_2884057365_3955958142_#1more": {
      "mean_reward": 26.676490386016667,
      "std_reward": 0.0,
      "mean_raw_reward": 26.676490386016667,
      "std_raw_reward": 0.0
    },
    "cluster2261078667_2275742542_2884057379_4333509527": {
      "mean_reward": 55.65899935364723,
      "std_reward": 0.0,
      "mean_raw_reward": 55.65899935364723,
      "std_raw_reward": 0.0
    },
    "cluster2261078859_3946827990_6165393389_6165393416": {
      "mean_reward": 25.65230765938759,
      "std_reward": 0.0,
      "mean_raw_reward": 25.65230765938759,
      "std_raw_reward": 0.0
    },
    "cluster2463962663_2964071731_30825881_5682255964": {
      "mean_reward": 34.39246368408203,
      "std_reward": 0.0,
      "mean_raw_reward": 34.39246368408203,
      "std_raw_reward": 0.0
    },
    "cluster28581626_6165393392_6165393419_J11": {
      "mean_reward": 36.95266716182232,
      "std_reward": 0.0,
      "mean_raw_reward": 36.95266716182232,
      "std_raw_reward": 0.0
    },
    "cluster2884057633_2884057637_2884057639_633672243": {
      "mean_reward": 13.549012389034033,
      "std_reward": 0.0,
      "mean_raw_reward": 13.549012389034033,
      "std_raw_reward": 0.0
    },
    "cluster292272389_J4_J5_J6": {
      "mean_reward": 21.429374933242798,
      "std_reward": 0.0,
      "mean_raw_reward": 21.429374933242798,
      "std_raw_reward": 0.0
    },
    "cluster297958412_5285897990_5285898010": {
      "mean_reward": 32.09983328729868,
      "std_reward": 0.0,
      "mean_raw_reward": 32.09983328729868,
      "std_raw_reward": 0.0
    },
    "cluster3944993721_3944993722_3944993723_3944993724": {
      "mean_reward": 40.428034112323076,
      "std_reward": 0.0,
      "mean_raw_reward": 40.428034112323076,
      "std_raw_reward": 0.0
    },
    "clusterJ14_cluster1923986931_28137432_3071329232_8856676981": {
      "mean_reward": 23.168750017881393,
      "std_reward": 0.0,
      "mean_raw_reward": 23.168750017881393,
      "std_raw_reward": 0.0
    },
    "clusterJ16_clusterJ11_J12_J13_J9": {
      "mean_reward": 23.097381070256233,
      "std_reward": 0.0,
      "mean_raw_reward": 23.097381070256233,
      "std_raw_reward": 0.0
    },
    "clusterJ3_cluster1233603788_12799959199_12800019444_5730016977": {
      "mean_reward": 12.302345681935549,
      "std_reward": 0.0,
      "mean_raw_reward": 12.302345681935549,
      "std_raw_reward": 0.0
    }
  }
}